{
  "project_info": {
    "project_number": "886435257495",
    "firebase_url": "https://tachartas-1571789320227.firebaseio.com",
    "project_id": "tachartas-1571789320227",
    "storage_bucket": "tachartas-1571789320227.appspot.com"
  },
  "client": [
    {
      "client_info": {
        "mobilesdk_app_id": "1:886435257495:android:157eae8c31fd7095565dd2",
        "android_client_info": {
          "package_name": "com.perros.tachartas"
        }
      },
      "oauth_client": [
        {
          "client_id": "886435257495-nmsik9g55rihr1ifsldioeqemoc6gvt1.apps.googleusercontent.com",
          "client_type": 3
        }
      ],
      "api_key": [
        {
          "current_key": "AIzaSyDCcwYUlaVT3BYhNq-3RBaHuoWPU93RxuI"
        }
      ],
      "services": {
        "appinvite_service": {
          "other_platform_oauth_client": [
            {
              "client_id": "886435257495-nmsik9g55rihr1ifsldioeqemoc6gvt1.apps.googleusercontent.com",
              "client_type": 3
            },
            {
              "client_id": "886435257495-c5pbun19t83jj46hglm64v0jeif4h60r.apps.googleusercontent.com",
              "client_type": 2,
              "ios_info": {
                "bundle_id": "com.perros.tachartas"
              }
            }
          ]
        }
      }
    }
  ],
  "configuration_version": "1"
}